<?xml version="1.0" encoding="UTF-8"?>
<gmi:MI_Metadata xmlns:xsi="http://www.w3.org/2001/XMLSchema-instance"
                 xmlns:gmd="http://www.isotc211.org/2005/gmd"
                 xmlns:gco="http://www.isotc211.org/2005/gco"
                 xmlns:gml="http://www.opengis.net/gml/3.2"
                 xmlns:gmi="http://www.isotc211.org/2005/gmi"
                 xmlns:xlink="http://www.w3.org/1999/xlink"
                 xmlns:srv="http://www.isotc211.org/2005/srv"
                 xsi:schemaLocation="http://www.isotc211.org/2005/gmi https://data.noaa.gov/resources/iso19139/schema.xsd">
   <gmd:fileIdentifier>
      <gco:CharacterString>tl_2024_04_cousub.shp.iso.xml</gco:CharacterString>
   </gmd:fileIdentifier>
   <gmd:language>
      <gco:CharacterString>eng; USA</gco:CharacterString>
   </gmd:language>
   <gmd:characterSet>
      <gmd:MD_CharacterSetCode codeList="http://www.isotc211.org/2005/resources/Codelist/gmxCodelists.xml#MD_CharacterSetCode"
                               codeListValue="utf8">utf8</gmd:MD_CharacterSetCode>
   </gmd:characterSet>
   <gmd:parentIdentifier>
      <gco:CharacterString>series_tl_2024_cousub.shp.iso.xml</gco:CharacterString>
   </gmd:parentIdentifier>
   <gmd:hierarchyLevel>
      <gmd:MD_ScopeCode codeList="http://www.isotc211.org/2005/resources/Codelist/gmxCodelists.xml#MD_ScopeCode"
                        codeListValue="dataset">dataset</gmd:MD_ScopeCode>
   </gmd:hierarchyLevel>
   <gmd:contact>
      <gmd:CI_ResponsibleParty>
         <gmd:organisationName>
            <gco:CharacterString>U.S. Department of Commerce, U.S. Census Bureau, Geography Division
                        </gco:CharacterString>
         </gmd:organisationName>
         <gmd:contactInfo>
            <gmd:CI_Contact>
               <gmd:phone>
                  <gmd:CI_Telephone>
                     <gmd:voice>
                        <gco:CharacterString>301-763-1128</gco:CharacterString>
                     </gmd:voice>
                     <gmd:facsimile>
                        <gco:CharacterString>301-763-4710</gco:CharacterString>
                     </gmd:facsimile>
                  </gmd:CI_Telephone>
               </gmd:phone>
               <gmd:address>
                  <gmd:CI_Address>
                     <gmd:deliveryPoint>
                        <gco:CharacterString>4600 Silver Hill Road, Stop 7400</gco:CharacterString>
                     </gmd:deliveryPoint>
                     <gmd:city>
                        <gco:CharacterString>Washington</gco:CharacterString>
                     </gmd:city>
                     <gmd:administrativeArea>
                        <gco:CharacterString>DC</gco:CharacterString>
                     </gmd:administrativeArea>
                     <gmd:postalCode>
                        <gco:CharacterString>20233-7400</gco:CharacterString>
                     </gmd:postalCode>
                     <gmd:country>
                        <gco:CharacterString>United States</gco:CharacterString>
                     </gmd:country>
                     <gmd:electronicMailAddress>
                        <gco:CharacterString>geo.geography@census.gov</gco:CharacterString>
                     </gmd:electronicMailAddress>
                  </gmd:CI_Address>
               </gmd:address>
            </gmd:CI_Contact>
         </gmd:contactInfo>
         <gmd:role>
            <gmd:CI_RoleCode codeList="http://www.isotc211.org/2005/resources/Codelist/gmxCodelists.xml#CI_RoleCode"
                             codeListValue="pointOfContact">pointOfContact</gmd:CI_RoleCode>
         </gmd:role>
      </gmd:CI_ResponsibleParty>
   </gmd:contact>
   <gmd:dateStamp>
      <gco:Date>2024-09-20</gco:Date>
   </gmd:dateStamp>
   <gmd:metadataStandardName>
      <gco:CharacterString>ISO 19115-2 Geographic Information - Metadata - Part 2: Extensions for Imagery and Gridded Data</gco:CharacterString>
   </gmd:metadataStandardName>
   <gmd:metadataStandardVersion>
      <gco:CharacterString>ISO 19115-2:2009(E)</gco:CharacterString>
   </gmd:metadataStandardVersion>
   <gmd:dataSetURI>
      <gco:CharacterString>
       https://meta.geo.census.gov/data/existing/decennial/GEO/GPMB/TIGERline/Current_19115/tl_2024_04_cousub.shp.iso.xml</gco:CharacterString>
   </gmd:dataSetURI>
   <gmd:spatialRepresentationInfo>
      <gmd:MD_VectorSpatialRepresentation>
         <gmd:geometricObjects>
            <gmd:MD_GeometricObjects>
               <gmd:geometricObjectType>
                  <gmd:MD_GeometricObjectTypeCode codeList="http://www.isotc211.org/2005/resources/Codelist/gmxCodelists.xml#MD_GeometricObjectTypeCode"
                                                  codeListValue="complex">complex</gmd:MD_GeometricObjectTypeCode>
               </gmd:geometricObjectType>
               <gmd:geometricObjectCount>
                  <gco:Integer>80</gco:Integer>
               </gmd:geometricObjectCount>
            </gmd:MD_GeometricObjects>
         </gmd:geometricObjects>
      </gmd:MD_VectorSpatialRepresentation>
   </gmd:spatialRepresentationInfo>
   <gmd:referenceSystemInfo>
      <gmd:MD_ReferenceSystem uuid="65f8b220-95ed-11e0-aa80-0800200c9a66">
         <gmd:referenceSystemIdentifier>
            <gmd:RS_Identifier>
               <gmd:authority>
                  <gmd:CI_Citation>
                     <gmd:title>
                        <gco:CharacterString>North American Datum of 1983</gco:CharacterString>
                     </gmd:title>
                     <gmd:alternateTitle>
                        <gco:CharacterString>NAD83</gco:CharacterString>
                     </gmd:alternateTitle>
                     <gmd:date>
                        <gmd:CI_Date>
                           <gmd:date>
                              <gco:Date>2007-01-19</gco:Date>
                           </gmd:date>
                           <gmd:dateType>
                              <gmd:CI_DateTypeCode codeList="http://www.isotc211.org/2005/resources/Codelist/gmxCodelists.xml#CI_DateTypeCode"
                                                   codeListValue="revision">revision</gmd:CI_DateTypeCode>
                           </gmd:dateType>
                        </gmd:CI_Date>
                     </gmd:date>
                     <gmd:citedResponsibleParty>
                        <gmd:CI_ResponsibleParty>
                           <gmd:organisationName gco:nilReason="withheld"/>
                           <gmd:contactInfo>
                              <gmd:CI_Contact>
                                 <gmd:onlineResource>
                                    <gmd:CI_OnlineResource>
                                       <gmd:linkage>
                                          <gmd:URL>https://spatialreference.org/ref/epsg/4269/gml/</gmd:URL>
                                       </gmd:linkage>
                                       <gmd:name>
                                          <gco:CharacterString>NAD83</gco:CharacterString>
                                       </gmd:name>
                                       <gmd:description>
                                          <gco:CharacterString>Link to Geographic Markup Language (GML) description of reference system.</gco:CharacterString>
                                       </gmd:description>
                                       <gmd:function>
                                          <gmd:CI_OnLineFunctionCode codeList="http://www.isotc211.org/2005/resources/Codelist/gmxCodelists.xml#CI_OnLineFunctionCode"
                                                                     codeListValue="information">information</gmd:CI_OnLineFunctionCode>
                                       </gmd:function>
                                    </gmd:CI_OnlineResource>
                                 </gmd:onlineResource>
                              </gmd:CI_Contact>
                           </gmd:contactInfo>
                           <gmd:role>
                              <gmd:CI_RoleCode codeList="http://www.isotc211.org/2005/resources/Codelist/gmxCodelists.xml#CI_RoleCode"
                                               codeListValue="resourceProvider">resourceProvider</gmd:CI_RoleCode>
                           </gmd:role>
                        </gmd:CI_ResponsibleParty>
                     </gmd:citedResponsibleParty>
                  </gmd:CI_Citation>
               </gmd:authority>
               <gmd:code>
                  <gco:CharacterString>urn:ogc:def:crs:EPSG::4269</gco:CharacterString>
               </gmd:code>
            </gmd:RS_Identifier>
         </gmd:referenceSystemIdentifier>
      </gmd:MD_ReferenceSystem>
   </gmd:referenceSystemInfo>
   <gmd:identificationInfo>
      <gmd:MD_DataIdentification>
         <gmd:citation>
            <gmd:CI_Citation>
               <gmd:title>
                  <gco:CharacterString>TIGER/Line Shapefile, Current, State, Arizona, County Subdivision</gco:CharacterString>
               </gmd:title>
               <gmd:alternateTitle>
                  <gco:CharacterString>TIGER/Line Shapefile, 2024, State, Arizona, AZ, County Subdivision</gco:CharacterString>
               </gmd:alternateTitle>
               <gmd:date>
                  <gmd:CI_Date>
                     <gmd:date>
                        <gco:Date>2024</gco:Date>
                     </gmd:date>
                     <gmd:dateType>
                        <gmd:CI_DateTypeCode codeList="http://www.isotc211.org/2005/resources/Codelist/gmxCodelists.xml#CI_DateTypeCode"
                                             codeListValue="publication">publication</gmd:CI_DateTypeCode>
                     </gmd:dateType>
                  </gmd:CI_Date>
               </gmd:date>
               <gmd:date>
                  <gmd:CI_Date>
                     <gmd:date>
                        <gco:Date>2024-10</gco:Date>
                     </gmd:date>
                     <gmd:dateType>
                        <gmd:CI_DateTypeCode codeList="http://www.isotc211.org/2005/resources/Codelist/gmxCodelists.xml#CI_DateTypeCode"
                                             codeListValue="creation">creation</gmd:CI_DateTypeCode>
                     </gmd:dateType>
                  </gmd:CI_Date>
               </gmd:date>
               <gmd:date>
                  <gmd:CI_Date>
                     <gmd:date>
                        <gco:Date>2024-10</gco:Date>
                     </gmd:date>
                     <gmd:dateType>
                        <gmd:CI_DateTypeCode codeList="http://www.isotc211.org/2005/resources/Codelist/gmxCodelists.xml#CI_DateTypeCode"
                                             codeListValue="lastUpdate">lastUpdate</gmd:CI_DateTypeCode>
                     </gmd:dateType>
                  </gmd:CI_Date>
               </gmd:date>
               <gmd:identifier>
                  <gmd:MD_Identifier>
                     <gmd:code>
                        <gco:CharacterString>tl_2024_04_cousub</gco:CharacterString>
                     </gmd:code>
                  </gmd:MD_Identifier>
               </gmd:identifier>
               <gmd:citedResponsibleParty>
                  <gmd:CI_ResponsibleParty>
                     <gmd:organisationName>
                        <gco:CharacterString>U.S. Department of Commerce, U.S. Census Bureau, Geography Division</gco:CharacterString>
                     </gmd:organisationName>
                     <gmd:contactInfo>
                        <gmd:CI_Contact>
                           <gmd:phone>
                              <gmd:CI_Telephone>
                                 <gmd:voice>
                                    <gco:CharacterString>301-763-1128</gco:CharacterString>
                                 </gmd:voice>
                                 <gmd:facsimile>
                                    <gco:CharacterString>301-763-4710</gco:CharacterString>
                                 </gmd:facsimile>
                              </gmd:CI_Telephone>
                           </gmd:phone>
                           <gmd:address>
                              <gmd:CI_Address>
                                 <gmd:deliveryPoint>
                                    <gco:CharacterString>4600 Silver Hill Road, Stop 7400</gco:CharacterString>
                                 </gmd:deliveryPoint>
                                 <gmd:city>
                                    <gco:CharacterString>Washington</gco:CharacterString>
                                 </gmd:city>
                                 <gmd:administrativeArea>
                                    <gco:CharacterString>DC</gco:CharacterString>
                                 </gmd:administrativeArea>
                                 <gmd:postalCode>
                                    <gco:CharacterString>20233-7400</gco:CharacterString>
                                 </gmd:postalCode>
                                 <gmd:country>
                                    <gco:CharacterString>United States</gco:CharacterString>
                                 </gmd:country>
                                 <gmd:electronicMailAddress>
                                    <gco:CharacterString>geo.geography@census.gov</gco:CharacterString>
                                 </gmd:electronicMailAddress>
                              </gmd:CI_Address>
                           </gmd:address>
                        </gmd:CI_Contact>
                     </gmd:contactInfo>
                     <gmd:role>
                        <gmd:CI_RoleCode codeList="http://www.isotc211.org/2005/resources/Codelist/gmxCodelists.xml#CI_RoleCode"
                                         codeListValue="pointOfContact">pointOfContact</gmd:CI_RoleCode>
                     </gmd:role>
                  </gmd:CI_ResponsibleParty>
               </gmd:citedResponsibleParty>
               <gmd:presentationForm>
                  <gmd:CI_PresentationFormCode codeList="http://www.isotc211.org/2005/resources/Codelist/gmxCodelists.xml#CI_PresentationFormCode"
                                               codeListValue="mapDigital">mapDigital</gmd:CI_PresentationFormCode>
               </gmd:presentationForm>
            </gmd:CI_Citation>
         </gmd:citation>
         <gmd:abstract>
            <gco:CharacterString>This resource is a member of a series. The TIGER/Line shapefiles and related database files (.dbf) are an extract of   select geographic and cartographic information from the U.S. Census Bureau's Master Address File/Topologically Integrated  Geographic Encoding and Referencing (MAF/TIGER) System (MTS). The MTS represents a seamless national file with no overlaps  or gaps between parts; however, each TIGER/Line shapefile is designed to stand alone as an independent dataset or can be    combined to cover the entire nation.
 
County subdivisions are the primary divisions of       counties and equivalent entities for the reporting of Census Bureau data. They include legally-recognized minor civil       divisions (MCDs) and statistical census county divisions (CCDs), and unorganized territories. In MCD states where no MCD    exists or is not defined, the Census Bureau creates statistical unorganized territories to complete coverage. The entire    area of the United States, Puerto Rico, and the Island Areas are covered by county subdivisions. The boundaries of most     legal MCDs are as of January 1, 2024, as reported through the Census Bureau's Boundary and Annexation Survey (BAS). The    boundaries of all CCDs are those as reported as part of the Census Bureau's Participant Statistical Areas Program (PSAP)   for the 2020 Census.</gco:CharacterString>
         </gmd:abstract>
         <gmd:purpose>
            <gco:CharacterString>The Census Bureau releases extracts of the MAF/TIGER database in the form of TIGER/Line Shapefiles for others to use in geographic information systems (GIS) or for other geographic applications.</gco:CharacterString>
         </gmd:purpose>
         <gmd:status>
            <gmd:MD_ProgressCode codeList="http://www.isotc211.org/2005/resources/Codelist/gmxCodelists.xml#MD_ProgressCode"
                                 codeListValue="completed">completed</gmd:MD_ProgressCode>
         </gmd:status>
         <gmd:pointOfContact>
            <gmd:CI_ResponsibleParty>
               <gmd:organisationName>
                  <gco:CharacterString>U.S. Department of Commerce, U.S. Census Bureau, Geography Division
                        </gco:CharacterString>
               </gmd:organisationName>
               <gmd:contactInfo>
                  <gmd:CI_Contact>
                     <gmd:phone>
                        <gmd:CI_Telephone>
                           <gmd:voice>
                              <gco:CharacterString>301-763-1128</gco:CharacterString>
                           </gmd:voice>
                           <gmd:facsimile>
                              <gco:CharacterString>301-763-4710</gco:CharacterString>
                           </gmd:facsimile>
                        </gmd:CI_Telephone>
                     </gmd:phone>
                     <gmd:address>
                        <gmd:CI_Address>
                           <gmd:deliveryPoint>
                              <gco:CharacterString>4600 Silver Hill Road, Stop 7400</gco:CharacterString>
                           </gmd:deliveryPoint>
                           <gmd:city>
                              <gco:CharacterString>Washington</gco:CharacterString>
                           </gmd:city>
                           <gmd:administrativeArea>
                              <gco:CharacterString>DC</gco:CharacterString>
                           </gmd:administrativeArea>
                           <gmd:postalCode>
                              <gco:CharacterString>20233-7400</gco:CharacterString>
                           </gmd:postalCode>
                           <gmd:country>
                              <gco:CharacterString>United States</gco:CharacterString>
                           </gmd:country>
                           <gmd:electronicMailAddress>
                              <gco:CharacterString>geo.geography@census.gov</gco:CharacterString>
                           </gmd:electronicMailAddress>
                        </gmd:CI_Address>
                     </gmd:address>
                  </gmd:CI_Contact>
               </gmd:contactInfo>
               <gmd:role>
                  <gmd:CI_RoleCode codeList="http://www.isotc211.org/2005/resources/Codelist/gmxCodelists.xml#CI_RoleCode"
                                   codeListValue="pointOfContact">pointOfContact</gmd:CI_RoleCode>
               </gmd:role>
            </gmd:CI_ResponsibleParty>
         </gmd:pointOfContact>
         <gmd:resourceMaintenance>
            <gmd:MD_MaintenanceInformation>
               <gmd:maintenanceAndUpdateFrequency>
                  <gmd:MD_MaintenanceFrequencyCode codeList="http://www.isotc211.org/2005/resources/Codelist/gmxCodelists.xml#MD_MaintenanceFrequencyCode"
                                                   codeListValue="notPlanned">notPlanned</gmd:MD_MaintenanceFrequencyCode>
               </gmd:maintenanceAndUpdateFrequency>
            </gmd:MD_MaintenanceInformation>
         </gmd:resourceMaintenance>
         <gmd:graphicOverview>
            <gmd:MD_BrowseGraphic>
               <gmd:fileName>
                  <gco:CharacterString>https://tigerweb.geo.census.gov/arcgis/services/TIGERweb/tigerWMS_Current/MapServer/WmsServer?REQUEST=GetMap&amp;SERVICE=WMS&amp;VERSION=1.3.0&amp;LAYERS=County_Subdivisions63689,County_Subdivisions_Labels25452&amp;STYLES=default,default&amp;FORMAT=image/png+xml&amp;BGCOLOR=0xFFFFFF&amp;TRANSPARENT=TRUE&amp;CRS=EPSG:4326&amp;BBOX=+37.9649,-85.7590,+38.2928,-85.0133&amp;WIDTH=256&amp;HEIGHT=256</gco:CharacterString>
               </gmd:fileName>
               <gmd:fileDescription>
                  <gco:CharacterString>URL for the TIGERWeb Mapping Service</gco:CharacterString>
               </gmd:fileDescription>
               <gmd:fileType>
                  <gco:CharacterString>URL</gco:CharacterString>
               </gmd:fileType>
            </gmd:MD_BrowseGraphic>
         </gmd:graphicOverview>
         <gmd:descriptiveKeywords>
            <gmd:MD_Keywords>
               <gmd:keyword>
                  <gco:CharacterString>State or equivalent entity</gco:CharacterString>
               </gmd:keyword>
               <gmd:keyword>
                  <gco:CharacterString>Polygon</gco:CharacterString>
               </gmd:keyword>
               <gmd:keyword>
                  <gco:CharacterString>County Subdivision</gco:CharacterString>
               </gmd:keyword>
               <gmd:keyword>
                  <gco:CharacterString>Subdivision</gco:CharacterString>
               </gmd:keyword>
               <gmd:keyword>
                  <gco:CharacterString>Minor Civil Division</gco:CharacterString>
               </gmd:keyword>
               <gmd:keyword>
                  <gco:CharacterString>MCD</gco:CharacterString>
               </gmd:keyword>
               <gmd:keyword>
                  <gco:CharacterString>Census County Division</gco:CharacterString>
               </gmd:keyword>
               <gmd:keyword>
                  <gco:CharacterString>CCD</gco:CharacterString>
               </gmd:keyword>
               <gmd:keyword>
                  <gco:CharacterString>Town</gco:CharacterString>
               </gmd:keyword>
               <gmd:keyword>
                  <gco:CharacterString>Township</gco:CharacterString>
               </gmd:keyword>
               <gmd:keyword>
                  <gco:CharacterString>Unorganized Territory</gco:CharacterString>
               </gmd:keyword>
               <gmd:keyword>
                  <gco:CharacterString>UT</gco:CharacterString>
               </gmd:keyword>
               <gmd:keyword>
                  <gco:CharacterString>Barrio</gco:CharacterString>
               </gmd:keyword>
               <gmd:type>
                  <gmd:MD_KeywordTypeCode codeList="http://www.isotc211.org/2005/resources/Codelist/gmxCodelists.xml#MD_KeywordTypeCode"
                                          codeListValue="theme"/>
               </gmd:type>
               <gmd:thesaurusName>
                  <gmd:CI_Citation>
                     <gmd:title>
                        <gco:CharacterString>None</gco:CharacterString>
                     </gmd:title>
                     <gmd:date gco:nilReason="unknown"/>
                  </gmd:CI_Citation>
               </gmd:thesaurusName>
            </gmd:MD_Keywords>
         </gmd:descriptiveKeywords>
         <gmd:descriptiveKeywords>
            <gmd:MD_Keywords>
               <gmd:keyword>
                  <gco:CharacterString>State or Equivalent Entity</gco:CharacterString>
               </gmd:keyword>
               <gmd:keyword>
                  <gco:CharacterString>Arizona</gco:CharacterString>
               </gmd:keyword>
               <gmd:keyword>
                  <gco:CharacterString>AZ</gco:CharacterString>
               </gmd:keyword>
               <gmd:keyword>
                  <gco:CharacterString>04</gco:CharacterString>
               </gmd:keyword>
               <gmd:type>
                  <gmd:MD_KeywordTypeCode codeList="http://www.isotc211.org/2005/resources/Codelist/gmxCodelists.xml#MD_KeywordTypeCode"
                                          codeListValue="place"/>
               </gmd:type>
               <gmd:thesaurusName>
                  <gmd:CI_Citation>
                     <gmd:title>
                        <gco:CharacterString>INCITS 38-2009[R2019]: Information Technology - Codes for the Identification of the States and Equivalent Areas within the United States, Puerto Rico, and the Insular Areas.</gco:CharacterString>
                     </gmd:title>
                     <gmd:date gco:nilReason="unknown"/>
                  </gmd:CI_Citation>
               </gmd:thesaurusName>
            </gmd:MD_Keywords>
         </gmd:descriptiveKeywords>
         <gmd:resourceConstraints>
            <gmd:MD_LegalConstraints>
               <gmd:accessConstraints>
                  <gmd:MD_RestrictionCode codeList="http://www.isotc211.org/2005/resources/Codelist/gmxCodelists.xml#MD_RestrictionCode"
                                          codeListValue="otherRestrictions">otherRestrictions</gmd:MD_RestrictionCode>
               </gmd:accessConstraints>
               <gmd:useConstraints>
                  <gmd:MD_RestrictionCode codeList="http://www.isotc211.org/2005/resources/Codelist/gmxCodelists.xml#MD_RestrictionCode"
                                          codeListValue="otherRestrictions">otherRestrictions</gmd:MD_RestrictionCode>
               </gmd:useConstraints>
               <gmd:otherConstraints>
                  <gco:CharacterString>Access constraints: None</gco:CharacterString>
               </gmd:otherConstraints>
               <gmd:otherConstraints>
                  <gco:CharacterString>Use Constraints: The TIGER/Line Shapefile products are not copyrighted however TIGER/Line and Census TIGER are registered trademarks of the U.S. Census Bureau. These products are free to use in a product or publication, however acknowledgement must be given to the U.S. Census Bureau as the source.
The boundary information in the TIGER/Line Shapefiles are for statistical data collection and tabulation purposes only; their depiction and designation for statistical purposes does not constitute a determination of jurisdictional authority or rights of ownership or entitlement and they are not legal land descriptions. Coordinates in the TIGER/Line shapefiles have six implied decimal places, but the positional accuracy of these coordinates is not as great as the six decimal places suggest.</gco:CharacterString>
               </gmd:otherConstraints>
            </gmd:MD_LegalConstraints>
         </gmd:resourceConstraints>
         <gmd:aggregationInfo>
            <gmd:MD_AggregateInformation>
               <gmd:aggregateDataSetName>
                  <gmd:CI_Citation>
                     <gmd:title>
                        <gco:CharacterString>Series Information for County Subdivision State-based TIGER/Line Shapefiles, Current</gco:CharacterString>
                     </gmd:title>
                     <gmd:date>
                        <gmd:CI_Date>
                           <gmd:date>
                              <gco:Date>2024</gco:Date>
                           </gmd:date>
                           <gmd:dateType>
                              <gmd:CI_DateTypeCode codeList="https://www.isotc211.org/2005/resources/Codelist/gmxCodelists.xml#CI_DateTypeCode"
                                                   codeListValue="publication">publication</gmd:CI_DateTypeCode>
                           </gmd:dateType>
                        </gmd:CI_Date>
                     </gmd:date>
                     <gmd:identifier>
                        <gmd:MD_Identifier>
                           <gmd:code>
                              <gco:CharacterString>series_tl_2024_cousub</gco:CharacterString>
                           </gmd:code>
                        </gmd:MD_Identifier>
                     </gmd:identifier>
                     <gmd:citedResponsibleParty>
                        <gmd:CI_ResponsibleParty>
                           <gmd:organisationName>
                              <gco:CharacterString>U.S. Department of Commerce, U.S. Census Bureau, Geography Division
                        </gco:CharacterString>
                           </gmd:organisationName>
                           <gmd:contactInfo>
                              <gmd:CI_Contact>
                                 <gmd:phone>
                                    <gmd:CI_Telephone>
                                       <gmd:voice>
                                          <gco:CharacterString>301-763-1128</gco:CharacterString>
                                       </gmd:voice>
                                       <gmd:facsimile>
                                          <gco:CharacterString>301-763-4710</gco:CharacterString>
                                       </gmd:facsimile>
                                    </gmd:CI_Telephone>
                                 </gmd:phone>
                                 <gmd:address>
                                    <gmd:CI_Address>
                                       <gmd:deliveryPoint>
                                          <gco:CharacterString>4600 Silver Hill Road, Stop 7400</gco:CharacterString>
                                       </gmd:deliveryPoint>
                                       <gmd:city>
                                          <gco:CharacterString>Washington</gco:CharacterString>
                                       </gmd:city>
                                       <gmd:administrativeArea>
                                          <gco:CharacterString>DC</gco:CharacterString>
                                       </gmd:administrativeArea>
                                       <gmd:postalCode>
                                          <gco:CharacterString>20233-7400</gco:CharacterString>
                                       </gmd:postalCode>
                                       <gmd:country>
                                          <gco:CharacterString>United States</gco:CharacterString>
                                       </gmd:country>
                                       <gmd:electronicMailAddress>
                                          <gco:CharacterString>geo.geography@census.gov</gco:CharacterString>
                                       </gmd:electronicMailAddress>
                                    </gmd:CI_Address>
                                 </gmd:address>
                              </gmd:CI_Contact>
                           </gmd:contactInfo>
                           <gmd:role>
                              <gmd:CI_RoleCode codeList="http://www.isotc211.org/2005/resources/Codelist/gmxCodelists.xml#CI_RoleCode"
                                               codeListValue="pointOfContact">pointOfContact</gmd:CI_RoleCode>
                           </gmd:role>
                        </gmd:CI_ResponsibleParty>
                     </gmd:citedResponsibleParty>
                     <gmd:presentationForm>
                        <gmd:CI_PresentationFormCode codeList="http://www.isotc211.org/2005/resources/Codelist/gmxCodelists.xml#CI_PresentationFormCode"
                                                     codeListValue="mapDigital">mapDigital</gmd:CI_PresentationFormCode>
                     </gmd:presentationForm>
                  </gmd:CI_Citation>
               </gmd:aggregateDataSetName>
               <gmd:associationType>
                  <gmd:DS_AssociationTypeCode codeList="https://www.isotc211.org/2005/resources/Codelist/gmxCodelists.xml#DS_AssociationTypeCode"
                                              codeListValue="largerWorkCitation">largerWorkCitation</gmd:DS_AssociationTypeCode>
               </gmd:associationType>
            </gmd:MD_AggregateInformation>
         </gmd:aggregationInfo>
         <gmd:spatialRepresentationType>
            <gmd:MD_SpatialRepresentationTypeCode codeList="http://www.isotc211.org/2005/resources/Codelist/gmxCodelists.xml#MD_SpatialRepresentationTypeCode"
                                                  codeListValue="vector">vector</gmd:MD_SpatialRepresentationTypeCode>
         </gmd:spatialRepresentationType>
         <gmd:language>
            <gco:CharacterString>eng; USA</gco:CharacterString>
         </gmd:language>
         <gmd:characterSet>
            <gmd:MD_CharacterSetCode codeList="http://www.isotc211.org/2005/resources/Codelist/gmxCodelists.xml#MD_CharacterSetCode"
                                     codeListValue="utf8">utf8</gmd:MD_CharacterSetCode>
         </gmd:characterSet>
         <gmd:topicCategory>
            <gmd:MD_TopicCategoryCode>boundaries</gmd:MD_TopicCategoryCode>
         </gmd:topicCategory>
         <gmd:environmentDescription>
            <gco:CharacterString>The TIGER/Line shapefiles contain geographic data only and do not include display mapping software or statistical data.  For information on how to use the TIGER/Line shapefile data with specific software package users shall contact the company that produced the software.</gco:CharacterString>
         </gmd:environmentDescription>
         <gmd:extent>
            <gmd:EX_Extent id="boundingExtent">
               <gmd:geographicElement>
                  <gmd:EX_GeographicBoundingBox id="boundingGeographicBoundingBox">
                     <gmd:westBoundLongitude>
                        <gco:Decimal>-114.8163</gco:Decimal>
                     </gmd:westBoundLongitude>
                     <gmd:eastBoundLongitude>
                        <gco:Decimal>-109.045172</gco:Decimal>
                     </gmd:eastBoundLongitude>
                     <gmd:southBoundLatitude>
                        <gco:Decimal>31.332342</gco:Decimal>
                     </gmd:southBoundLatitude>
                     <gmd:northBoundLatitude>
                        <gco:Decimal>37.003725</gco:Decimal>
                     </gmd:northBoundLatitude>
                  </gmd:EX_GeographicBoundingBox>
               </gmd:geographicElement>
               <gmd:temporalElement>
                  <gmd:EX_TemporalExtent id="boundingTemporalExtent">
                     <gmd:extent>
                        <gml:TimePeriod gml:id="boundingTemporalExtentA">
                           <gml:description>publication date</gml:description>
                           <gml:beginPosition>2024-06</gml:beginPosition>
                           <gml:endPosition>2025-10</gml:endPosition>
                        </gml:TimePeriod>
                     </gmd:extent>
                  </gmd:EX_TemporalExtent>
               </gmd:temporalElement>
            </gmd:EX_Extent>
         </gmd:extent>
      </gmd:MD_DataIdentification>
   </gmd:identificationInfo>
   <gmd:contentInfo>
      <gmd:MD_FeatureCatalogueDescription>
         <gmd:includedWithDataset>
            <gco:Boolean>1</gco:Boolean>
         </gmd:includedWithDataset>
         <gmd:featureTypes>
            <gco:LocalName codeSpace="unknown">County Subdivisions</gco:LocalName>
         </gmd:featureTypes>
         <gmd:featureCatalogueCitation>
            <gmd:CI_Citation>
               <gmd:title>
                  <gco:CharacterString>Feature Catalog for the 2024 County Subdivisions TIGER/Line Shapefiles</gco:CharacterString>
               </gmd:title>
               <gmd:date>
                  <gmd:CI_Date>
                     <gmd:date>
                        <gco:Date>2024</gco:Date>
                     </gmd:date>
                     <gmd:dateType>
                        <gmd:CI_DateTypeCode codeList="http://www.isotc211.org/2005/resources/Codelist/gmxCodelists.xml#CI_DateTypeCode"
                                             codeListValue="publication">publication</gmd:CI_DateTypeCode>
                     </gmd:dateType>
                  </gmd:CI_Date>
               </gmd:date>
               <gmd:citedResponsibleParty>
                  <gmd:CI_ResponsibleParty>
                     <gmd:organisationName>
                        <gco:CharacterString>U.S. Department of Commerce, U.S. Census Bureau, Geography Division
                        </gco:CharacterString>
                     </gmd:organisationName>
                     <gmd:contactInfo>
                        <gmd:CI_Contact>
                           <gmd:phone>
                              <gmd:CI_Telephone>
                                 <gmd:voice>
                                    <gco:CharacterString>301-763-1128</gco:CharacterString>
                                 </gmd:voice>
                                 <gmd:facsimile>
                                    <gco:CharacterString>301-763-4710</gco:CharacterString>
                                 </gmd:facsimile>
                              </gmd:CI_Telephone>
                           </gmd:phone>
                           <gmd:address>
                              <gmd:CI_Address>
                                 <gmd:deliveryPoint>
                                    <gco:CharacterString>4600 Silver Hill Road, Stop 7400</gco:CharacterString>
                                 </gmd:deliveryPoint>
                                 <gmd:city>
                                    <gco:CharacterString>Washington</gco:CharacterString>
                                 </gmd:city>
                                 <gmd:administrativeArea>
                                    <gco:CharacterString>DC</gco:CharacterString>
                                 </gmd:administrativeArea>
                                 <gmd:postalCode>
                                    <gco:CharacterString>20233-7400</gco:CharacterString>
                                 </gmd:postalCode>
                                 <gmd:country>
                                    <gco:CharacterString>United States</gco:CharacterString>
                                 </gmd:country>
                                 <gmd:electronicMailAddress>
                                    <gco:CharacterString>geo.geography@census.gov</gco:CharacterString>
                                 </gmd:electronicMailAddress>
                              </gmd:CI_Address>
                           </gmd:address>
                        </gmd:CI_Contact>
                     </gmd:contactInfo>
                     <gmd:role>
                        <gmd:CI_RoleCode codeList="http://www.isotc211.org/2005/resources/Codelist/gmxCodelists.xml#CI_RoleCode"
                                         codeListValue="pointOfContact">pointOfContact</gmd:CI_RoleCode>
                     </gmd:role>
                  </gmd:CI_ResponsibleParty>
               </gmd:citedResponsibleParty>
               <gmd:otherCitationDetails>
                  <gco:CharacterString>https://meta.geo.census.gov/data/existing/decennial/GEO/GPMB/TIGERline/Current_19110/tl_2024_cousub.shp.ea.iso.xml</gco:CharacterString>
               </gmd:otherCitationDetails>
            </gmd:CI_Citation>
         </gmd:featureCatalogueCitation>
      </gmd:MD_FeatureCatalogueDescription>
   </gmd:contentInfo>
   <gmd:distributionInfo>
      <gmd:MD_Distribution>
         <gmd:distributionFormat>
            <gmd:MD_Format>
               <gmd:name>
                  <gco:CharacterString>ZIP</gco:CharacterString>
               </gmd:name>
               <gmd:version gco:nilReason="unknown"/>
            </gmd:MD_Format>
         </gmd:distributionFormat>
         <gmd:distributor>
            <gmd:MD_Distributor>
               <gmd:distributorContact>
                  <gmd:CI_ResponsibleParty>
                     <gmd:organisationName>
                        <gco:CharacterString>U.S. Department of Commerce, U.S. Census Bureau, Geography Division                                   </gco:CharacterString>
                     </gmd:organisationName>
                     <gmd:contactInfo>
                        <gmd:CI_Contact>
                           <gmd:phone>
                              <gmd:CI_Telephone>
                                 <gmd:voice>
                                    <gco:CharacterString>301-763-1128</gco:CharacterString>
                                 </gmd:voice>
                                 <gmd:facsimile>
                                    <gco:CharacterString>301-763-4710</gco:CharacterString>
                                 </gmd:facsimile>
                              </gmd:CI_Telephone>
                           </gmd:phone>
                           <gmd:address>
                              <gmd:CI_Address>
                                 <gmd:deliveryPoint>
                                    <gco:CharacterString>4600 Silver Hill Road, Stop 7400</gco:CharacterString>
                                 </gmd:deliveryPoint>
                                 <gmd:city>
                                    <gco:CharacterString>Washington</gco:CharacterString>
                                 </gmd:city>
                                 <gmd:administrativeArea>
                                    <gco:CharacterString>DC</gco:CharacterString>
                                 </gmd:administrativeArea>
                                 <gmd:postalCode>
                                    <gco:CharacterString>20233-7400</gco:CharacterString>
                                 </gmd:postalCode>
                                 <gmd:country>
                                    <gco:CharacterString>United States</gco:CharacterString>
                                 </gmd:country>
                                 <gmd:electronicMailAddress>
                                    <gco:CharacterString>geo.geography@census.gov</gco:CharacterString>
                                 </gmd:electronicMailAddress>
                              </gmd:CI_Address>
                           </gmd:address>
                        </gmd:CI_Contact>
                     </gmd:contactInfo>
                     <gmd:role>
                        <gmd:CI_RoleCode codeList="http://www.isotc211.org/2005/resources/Codelist/gmxCodelists.xml#CI_RoleCode"
                                         codeListValue="distributor">distributor</gmd:CI_RoleCode>
                     </gmd:role>
                  </gmd:CI_ResponsibleParty>
               </gmd:distributorContact>
               <gmd:distributionOrderProcess>
                  <gmd:MD_StandardOrderProcess>
                     <gmd:fees>
                        <gco:CharacterString>The online copy of the TIGER/Line Shapefiles may be accessed without charge.</gco:CharacterString>
                     </gmd:fees>
                  </gmd:MD_StandardOrderProcess>
               </gmd:distributionOrderProcess>
            </gmd:MD_Distributor>
         </gmd:distributor>
         <gmd:transferOptions>
            <gmd:MD_DigitalTransferOptions>
               <gmd:onLine>
                  <gmd:CI_OnlineResource>
                     <gmd:linkage>
                        <gmd:URL>https://www2.census.gov/geo/tiger/TIGER2024/COUSUB/tl_2024_04_cousub.zip</gmd:URL>
                     </gmd:linkage>
                     <gmd:applicationProfile>
                        <gco:CharacterString>Shapefile Zip File</gco:CharacterString>
                     </gmd:applicationProfile>
                     <gmd:name>
                        <gco:CharacterString>tl_2024_04_cousub.zip</gco:CharacterString>
                     </gmd:name>
                     <gmd:description>
                        <gco:CharacterString>The TIGER/Line Shapefiles are the fully supported, core geographic product from the U.S. Census Bureau. They are extracts of selected geographic and cartographic information from the U.S. Census Bureau's Master Address File/Topologically Integrated Geographic Encoding and Referencing (MAF/TIGER) database. </gco:CharacterString>
                     </gmd:description>
                     <gmd:function>
                        <gmd:CI_OnLineFunctionCode codeList="http://www.isotc211.org/2005/resources/Codelist/gmxCodelists.xml#CI_OnlineFunctionCode"
                                                   codeListValue="download">download</gmd:CI_OnLineFunctionCode>
                     </gmd:function>
                  </gmd:CI_OnlineResource>
               </gmd:onLine>
            </gmd:MD_DigitalTransferOptions>
         </gmd:transferOptions>
         <gmd:transferOptions>
            <gmd:MD_DigitalTransferOptions>
               <gmd:onLine>
                  <gmd:CI_OnlineResource>
                     <gmd:linkage>
                        <gmd:URL>https://meta.geo.census.gov/data/existing/decennial/GEO/GPMB/TIGERline/Current_19110/tl_2024_cousub.shp.ea.iso.xml</gmd:URL>
                     </gmd:linkage>
                     <gmd:applicationProfile>
                        <gco:CharacterString>XML</gco:CharacterString>
                     </gmd:applicationProfile>
                     <gmd:name>
                        <gco:CharacterString>tl_2024_cousub.shp.ea.iso.xml</gco:CharacterString>
                     </gmd:name>
                     <gmd:description>
                        <gco:CharacterString>Entity and attribute file</gco:CharacterString>
                     </gmd:description>
                     <gmd:function>
                        <gmd:CI_OnLineFunctionCode codeList="http://www.isotc211.org/2005/resources/Codelist/gmxCodelists.xml#CI_OnlineFunctionCode"
                                                   codeListValue="download">download</gmd:CI_OnLineFunctionCode>
                     </gmd:function>
                  </gmd:CI_OnlineResource>
               </gmd:onLine>
            </gmd:MD_DigitalTransferOptions>
         </gmd:transferOptions>
         <gmd:transferOptions>
            <gmd:MD_DigitalTransferOptions>
               <gmd:onLine>
                  <gmd:CI_OnlineResource>
                     <gmd:linkage>
                        <gmd:URL>https://tigerweb.geo.census.gov/arcgis/rest/services/TIGERweb/tigerWMS_Current/MapServer</gmd:URL>
                     </gmd:linkage>
                     <gmd:applicationProfile>
                        <gco:CharacterString>https://www.ogc.org/standards/wms</gco:CharacterString>
                     </gmd:applicationProfile>
                     <gmd:name>
                        <gco:CharacterString>TIGERweb/tigerWMS_Current (MapServer)</gco:CharacterString>
                     </gmd:name>
                     <gmd:description>
                        <gco:CharacterString>The Open Geospatial Consortium, Inc. (OGC) Web Map Service interface standard (WMS) provides a simple HTTP interface for requesting geo-registered map images from our geospatial database. The response to the request is one or more geo-registered map images that can be displayed in a browser or WMS client application. By gaining access to our data through our WMS, users can produce maps containing TIGERweb layers combined with layers from other servers.</gco:CharacterString>
                     </gmd:description>
                     <gmd:function>
                        <gmd:CI_OnLineFunctionCode codeList="http://www.isotc211.org/2005/resources/Codelist/gmxCodelists.xml#CI_OnlineFunctionCode"
                                                   codeListValue="search">search</gmd:CI_OnLineFunctionCode>
                     </gmd:function>
                  </gmd:CI_OnlineResource>
               </gmd:onLine>
            </gmd:MD_DigitalTransferOptions>
         </gmd:transferOptions>
         <gmd:transferOptions>
            <gmd:MD_DigitalTransferOptions>
               <gmd:onLine>
                  <gmd:CI_OnlineResource>
                     <gmd:linkage>
                        <gmd:URL>https://tigerweb.geo.census.gov/arcgis/rest/services/TIGERweb/Places_CouSub_ConCity_SubMCD/MapServer</gmd:URL>
                     </gmd:linkage>
                     <gmd:applicationProfile>
                        <gco:CharacterString>https://geoservices.github.io</gco:CharacterString>
                     </gmd:applicationProfile>
                     <gmd:name>
                        <gco:CharacterString>TIGERweb/Places_CouSub_ConCity_SubMCD (MapServer)</gco:CharacterString>
                     </gmd:name>
                     <gmd:description>
                        <gco:CharacterString>The GeoServices REST Specification provides a way for Web clients to communicate with geographic information system (GIS) servers through Representational State Transfer (REST) technology.</gco:CharacterString>
                     </gmd:description>
                     <gmd:function>
                        <gmd:CI_OnLineFunctionCode codeList="http://www.isotc211.org/2005/resources/Codelist/gmxCodelists.xml#CI_OnlineFunctionCode"
                                                   codeListValue="search">search</gmd:CI_OnLineFunctionCode>
                     </gmd:function>
                  </gmd:CI_OnlineResource>
               </gmd:onLine>
            </gmd:MD_DigitalTransferOptions>
         </gmd:transferOptions>
      </gmd:MD_Distribution>
   </gmd:distributionInfo>
   <gmd:dataQualityInfo>
      <gmd:DQ_DataQuality>
         <gmd:scope>
            <gmd:DQ_Scope>
               <gmd:level>
                  <gmd:MD_ScopeCode codeList="http://www.isotc211.org/2005/resources/Codelist/gmxCodelists.xml#MD_ScopeCode"
                                    codeListValue="dataset">dataset</gmd:MD_ScopeCode>
               </gmd:level>
            </gmd:DQ_Scope>
         </gmd:scope>
         <gmd:report>
            <gmd:DQ_ConceptualConsistency>
               <gmd:measureDescription>
                  <gco:CharacterString>The Census Bureau performed automated tests to ensure logical consistency and limits of shapefiles. Segments making up the outer and inner boundaries of a polygon tie end-to-end to completely enclose the area. All polygons are tested for closure. The Census Bureau uses its internally developed geographic update system to enhance and modify spatial and attribute data in the Census MAF/TIGER database. Standard geographic codes, such as FIPS codes for states, counties, municipalities, county subdivisions, places, American Indian/Alaska Native/Native Hawaiian areas, and congressionaldistricts are used when encoding spatial entities. The Census Bureau performed spatial data tests for logical consistency of the codes during the compilation of the original Census MAF/TIGER database files.  Most of the codes for geographic entities except states, counties, urban areas, Core Based Statistical Areas (CBSAs), American Indian Areas (AIAs), and congressional districts were provided to the Census Bureau by the USGS, the agency responsible for maintaining the Geographic Names Information System (GNIS).  Feature attribute information has been examined but has not been fully tested for consistency.  For the TIGER/Line Shapefiles, the Point and Vector Object Count for the G-polygon SDTS Point and Vector Object Type reflects the number of records in the shapefile attribute table.  For multi-polygon features, only one attribute record exists for each multi-polygon rather than one attribute record per individual G-polygon component of the multi-polygon feature. TIGER/Line Shapefile multi-polygons are an exception to the G-polygon object type classification. Therefore, when multi-polygons exist in a shapefile, the object count will be less than the actual number of G-polygons.</gco:CharacterString>
               </gmd:measureDescription>
               <gmd:result gco:nilReason="unknown"/>
            </gmd:DQ_ConceptualConsistency>
         </gmd:report>
         <gmd:report>
            <gmd:DQ_CompletenessOmission>
               <gmd:evaluationMethodDescription>
                  <gco:CharacterString>Data completeness of the TIGER/Line Shapefiles reflects the contents of the Census MAF/TIGER database at the time the TIGER/Line Shapefiles were created.</gco:CharacterString>
               </gmd:evaluationMethodDescription>
               <gmd:result gco:nilReason="unknown"/>
            </gmd:DQ_CompletenessOmission>
         </gmd:report>
         <gmd:report>
            <gmd:DQ_CompletenessCommission>
               <gmd:evaluationMethodDescription>
                  <gco:CharacterString>Data completeness of the TIGER/Line Shapefiles reflects the contents of the Census MAF/TIGER database at the time the TIGER/Line Shapefiles were created.</gco:CharacterString>
               </gmd:evaluationMethodDescription>
               <gmd:result gco:nilReason="unknown"/>
            </gmd:DQ_CompletenessCommission>
         </gmd:report>
      </gmd:DQ_DataQuality>
   </gmd:dataQualityInfo>
   <gmd:metadataMaintenance>
      <gmd:MD_MaintenanceInformation>
         <gmd:maintenanceAndUpdateFrequency>
            <gmd:MD_MaintenanceFrequencyCode codeList="http://www.isotc211.org/2005/resources/Codelist/gmxCodelists.xml#MD_MaintenanceFrequencyCode"
                                             codeListValue="annually">annually</gmd:MD_MaintenanceFrequencyCode>
         </gmd:maintenanceAndUpdateFrequency>
         <gmd:maintenanceNote>
            <gco:CharacterString>This was transformed from the Census Bureau Geospatial Product Metadata Content Standard.</gco:CharacterString>
         </gmd:maintenanceNote>
      </gmd:MD_MaintenanceInformation>
   </gmd:metadataMaintenance>
</gmi:MI_Metadata>